{
  "task": "tabletop_push_hero",
  "apply_drag": true,
  "drag_damping_scale": 1.0,
  "drag_ignore_gravity_axis": true,
  "ground_z_m": 0.0,
  "release_frame": null,
  "release_time_s": null,
  "first_ground_contact_frame": null,
  "first_ground_contact_time_s": null,
  "impact_speed_before_first_contact_m_s": 0.0,
  "rope_com_z_m": [
    0.2386505901813507,
    0.23860546946525574,
    0.23853234946727753,
    0.23847925662994385,
    0.2384486347436905,
    0.2384244203567505,
    0.23840515315532684,
    0.23838700354099274,
    0.23836760222911835,
    0.23835305869579315,
    0.2383372187614441,
    0.2383245974779129,
    0.2383112758398056,
    0.23829977214336395,
    0.23828913271427155,
    0.23827897012233734,
    0.2382681518793106,
    0.23825865983963013,
    0.23824961483478546,
    0.23824144899845123,
    0.2382335215806961,
    0.23822622001171112,
    0.23821908235549927,
    0.23821206390857697,
    0.2382049262523651,
    0.23819799721240997,
    0.23819118738174438,
    0.23818472027778625,
    0.23817859590053558,
    0.23817245662212372,
    0.23816637694835663,
    0.23816056549549103,
    0.23815476894378662,
    0.23814894258975983,
    0.2381436824798584,
    0.23813900351524353,
    0.23813433945178986,
    0.23812970519065857,
    0.23812533915042877,
    0.23812110722064972,
    0.23811638355255127,
    0.23811137676239014,
    0.2381068766117096,
    0.23810245096683502,
    0.23809853196144104,
    0.23809446394443512,
    0.23809047043323517,
    0.2380862534046173,
    0.23808233439922333,
    0.2380785048007965,
    0.23807547986507416,
    0.2379699945449829,
    0.2378481924533844,
    0.2377753108739853,
    0.2376469373703003,
    0.2375810295343399,
    0.2375553548336029,
    0.23759423196315765,
    0.23769673705101013,
    0.23783643543720245,
    0.2379806935787201,
    0.2381024956703186,
    0.23816317319869995,
    0.23814189434051514,
    0.23808041214942932,
    0.23813782632350922,
    0.23814545571804047,
    0.2381536066532135,
    0.23814985156059265,
    0.23814193904399872,
    0.238128662109375,
    0.2381202131509781,
    0.2381156086921692,
    0.23810414969921112,
    0.23810437321662903,
    0.23810341954231262,
    0.23810748755931854,
    0.23811306059360504,
    0.2381177693605423,
    0.23812201619148254,
    0.23812471330165863,
    0.23812855780124664,
    0.23813152313232422,
    0.23813451826572418,
    0.23813754320144653,
    0.2381400763988495,
    0.2381443828344345,
    0.23814763128757477,
    0.23814700543880463,
    0.2381267100572586,
    0.23814739286899567,
    0.23815728724002838,
    0.2381981909275055,
    0.2381824404001236,
    0.23815621435642242,
    0.2381366491317749,
    0.23810966312885284,
    0.2380944937467575,
    0.2380712330341339,
    0.2380293756723404,
    0.2379826307296753,
    0.23793606460094452,
    0.23790636658668518,
    0.23787100613117218,
    0.2378217577934265,
    0.23774538934230804,
    0.23764997720718384,
    0.23753854632377625,
    0.2374771237373352,
    0.23744134604930878,
    0.23739488422870636,
    0.23745688796043396,
    0.23735561966896057,
    0.23726528882980347,
    0.23723943531513214,
    0.23721559345722198,
    0.23716437816619873,
    0.23712332546710968,
    0.23710784316062927,
    0.23706784844398499,
    0.23703861236572266,
    0.23702239990234375,
    0.23697134852409363,
    0.23690888285636902,
    0.23686109483242035,
    0.2367946207523346,
    0.2367578148841858,
    0.23686252534389496,
    0.23689337074756622,
    0.236898735165596,
    0.2369346171617508,
    0.2369871884584427,
    0.2368782013654709,
    0.236806720495224,
    0.2368893325328827,
    0.23696507513523102,
    0.23687639832496643,
    0.23681317269802094,
    0.23680438101291656,
    0.23682042956352234,
    0.23680788278579712,
    0.2367975413799286,
    0.23677220940589905,
    0.23677657544612885,
    0.2367604374885559,
    0.23678608238697052,
    0.23677490651607513,
    0.2367640733718872,
    0.23675881326198578,
    0.2367715835571289,
    0.23675760626792908,
    0.237173929810524,
    0.23747599124908447,
    0.23738931119441986,
    0.23736672103405,
    0.2374410182237625,
    0.23749439418315887,
    0.2375238835811615,
    0.23753035068511963,
    0.23749196529388428,
    0.23744726181030273,
    0.23734723031520844,
    0.2373194843530655,
    0.23733244836330414,
    0.2372942566871643,
    0.23726709187030792,
    0.23727083206176758,
    0.23726411163806915,
    0.2372637540102005,
    0.23726435005664825,
    0.23726215958595276,
    0.23725947737693787,
    0.23725897073745728,
    0.23725883662700653,
    0.23725856840610504,
    0.23725856840610504,
    0.23725834488868713,
    0.2372581511735916,
    0.2372581511735916,
    0.23725801706314087,
    0.23725804686546326,
    0.23725813627243042,
    0.2372584491968155,
    0.23725861310958862,
    0.23725908994674683,
    0.23725919425487518,
    0.23725935816764832
  ],