{
  "task": "tabletop_push_hero",
  "apply_drag": true,
  "drag_damping_scale": 1.0,
  "drag_ignore_gravity_axis": true,
  "ground_z_m": 0.0,
  "release_frame": null,
  "release_time_s": null,
  "first_ground_contact_frame": null,
  "first_ground_contact_time_s": null,
  "impact_speed_before_first_contact_m_s": 0.0003645981269619096,
  "rope_com_z_m": [
    0.23924733698368073,
    0.2392207384109497,
    0.23913514614105225,
    0.23901718854904175,
    0.23887990415096283,
    0.23874345421791077,
    0.23864373564720154,
    0.2386084347963333,
    0.2386089563369751,
    0.2386494129896164,
    0.23869290947914124,
    0.23871110379695892,
    0.23870788514614105,
    0.23869015276432037,
    0.23866963386535645,
    0.23867566883563995,
    0.2387026846408844,
    0.23872482776641846,
    0.23874641954898834,
    0.23878057301044464,
    0.2386522889137268,
    0.2384260892868042,
    0.2388199418783188,
    0.23887647688388824,
    0.23885893821716309,
    0.23881854116916656,
    0.23878061771392822,
    0.23879149556159973,
    0.23879414796829224,
    0.23878374695777893,
    0.2387775182723999,
    0.23877358436584473,
    0.2387717217206955,
    0.23876945674419403,
    0.23876644670963287,
    0.23876212537288666,
    0.2387586534023285,
    0.2387562245130539,
    0.23875363171100616,
    0.23875024914741516,
    0.23874691128730774,
    0.2387431114912033,
    0.23873983323574066,
    0.23873624205589294,
    0.2387331873178482,
    0.2387288361787796,
    0.23872485756874084,
    0.23872129619121552,
    0.23871709406375885,
    0.23871339857578278,
    0.2386985868215561,
    0.2386653870344162,
    0.23863787949085236,
    0.23858417570590973,
    0.23854584991931915,
    0.2385444939136505,
    0.23856256902217865,
    0.23858076333999634,
    0.23865289986133575,
    0.23887242376804352,
    0.23875020444393158,
    0.23873911798000336,
    0.23876087367534637,
    0.23874491453170776,
    0.23872683942317963,
    0.2387143075466156,
    0.2387075275182724,
    0.2387014776468277,
    0.23869332671165466,
    0.23868636786937714,
    0.23868097364902496,
    0.23867540061473846,
    0.23866966366767883,
    0.23866429924964905,
    0.23865829408168793,
    0.23862846195697784,
    0.23860259354114532,
    0.23859043419361115,
    0.23855891823768616,
    0.238506481051445,
    0.23846721649169922,
    0.23844748735427856,
    0.23843835294246674,
    0.2384304404258728,
    0.23842525482177734,
    0.23843003809452057,
    0.238427072763443,
    0.23842480778694153,
    0.23841747641563416,
    0.23841099441051483,
    0.23840774595737457,
    0.23840630054473877,
    0.23841984570026398,
    0.23845791816711426,
    0.2385106384754181,
    0.2385491579771042,
    0.23854155838489532,
    0.23854050040245056,
    0.23853397369384766,
    0.23852001130580902,
    0.2385018914937973,
    0.23845314979553223,
    0.23844105005264282,
    0.238107830286026,
    0.23729747533798218,
    0.2373180389404297,
    0.23714908957481384,
    0.23698054254055023,
    0.23690497875213623,
    0.23686742782592773,
    0.23685437440872192,
    0.23688650131225586,
    0.23686736822128296,
    0.2368362545967102,
    0.23681136965751648,
    0.23678261041641235,
    0.23677055537700653,
    0.23674193024635315,
    0.23672860860824585,
    0.2367262840270996,
    0.2367105782032013,
    0.23666276037693024,
    0.2366544008255005,
    0.23664800822734833,
    0.23661507666110992,
    0.23658683896064758,
    0.23653078079223633,
    0.23648793995380402,
    0.23646342754364014,
    0.23644332587718964,
    0.2364291101694107,
    0.2364320009946823,
    0.23644639551639557,
    0.23646032810211182,
    0.2364787459373474,
    0.23652204871177673,
    0.23654402792453766,
    0.23658233880996704,
    0.236619770526886,
    0.23664136230945587,
    0.236635223031044,
    0.23662543296813965,
    0.23662221431732178,
    0.23662492632865906,
    0.23663274943828583,
    0.23663590848445892,
    0.23664836585521698,
    0.23665784299373627,
    0.23666615784168243,
    0.2366720736026764,
    0.23668305575847626,
    0.23692315816879272,
    0.23704709112644196,
    0.23728254437446594,
    0.23725207149982452,
    0.23725371062755585,
    0.237228125333786,
    0.23723670840263367,
    0.23724257946014404,
    0.23723508417606354,
    0.23724471032619476,
    0.23725707828998566,
    0.23726239800453186,
    0.23726163804531097,
    0.23719899356365204,
    0.23716101050376892,
    0.23715975880622864,
    0.2371544986963272,
    0.23714905977249146,
    0.2371460348367691,
    0.23714186251163483,
    0.2371390014886856,
    0.2371351569890976,
    0.2371322065591812,
    0.2371293306350708,
    0.23712699115276337,
    0.2371247559785843,
    0.2371222823858261,
    0.23711992800235748,
    0.2371174693107605,
    0.23711514472961426,
    0.2371135950088501,
    0.2371397167444229,
    0.23716144263744354,
    0.23712843656539917,
    0.2371150404214859,
    0.2371128499507904
  ],