{"intrinsics": [[[426.76251220703125, 0.0, 424.4333190917969], [0.0, 426.3773498535156, 246.92410278320312], [0.0, 0.0, 1.0]], [[426.57177734375, 0.0, 423.0926818847656], [0.0, 426.04278564453125, 248.86141967773438], [0.0, 0.0, 1.0]], [[427.48016357421875, 0.0, 424.8780212402344], [0.0, 426.9174499511719, 241.48138427734375], [0.0, 0.0, 1.0]]], "serial_numbers": ["239222300433", "239222300781", "239222303506"], "fps": 30, "WH": [848, 480], "frame_num": 296, "start_step": 563, "end_step": 940}