{
  "task": "tabletop_push_hero",
  "apply_drag": true,
  "drag_damping_scale": 1.0,
  "drag_ignore_gravity_axis": true,
  "ground_z_m": 0.0,
  "release_frame": null,
  "release_time_s": null,
  "first_ground_contact_frame": null,
  "first_ground_contact_time_s": null,
  "impact_speed_before_first_contact_m_s": 2.6361874375922388e-05,
  "rope_com_z_m": [
    0.2384149134159088,
    0.23840582370758057,
    0.23837262392044067,
    0.23828960955142975,
    0.23804634809494019,
    0.2376680225133896,
    0.23735596239566803,
    0.2372770756483078,
    0.2372988611459732,
    0.23737309873104095,
    0.2372957468032837,
    0.2372271716594696,
    0.237200528383255,
    0.2372039556503296,
    0.23720067739486694,
    0.23719432950019836,
    0.23718836903572083,
    0.23718513548374176,
    0.23718133568763733,
    0.2371794730424881,
    0.23717856407165527,
    0.23717699944972992,
    0.23717544972896576,
    0.23717381060123444,
    0.23717112839221954,
    0.23717208206653595,
    0.23716965317726135,
    0.23716944456100464,
    0.23716865479946136,
    0.2371676117181778,
    0.23716764152050018,
    0.23716585338115692,
    0.2371649295091629,
    0.23716402053833008,
    0.23716296255588531,
    0.23716196417808533,
    0.23716045916080475,
    0.2371588945388794,
    0.23715819418430328,
    0.23715683817863464,
    0.23715606331825256,
    0.23715537786483765,
    0.23715439438819885,
    0.23715384304523468,
    0.23715336620807648,
    0.23715271055698395,
    0.2371518611907959,
    0.23714329302310944,
    0.2370535433292389,
    0.23693884909152985,
    0.23684298992156982,
    0.23675823211669922,
    0.23672592639923096,
    0.23692439496517181,
    0.23701170086860657,
    0.23711606860160828,
    0.23725129663944244,
    0.2374923825263977,
    0.2377849966287613,
    0.23787347972393036,
    0.23761315643787384,
    0.2374371886253357,
    0.23752805590629578,
    0.23752717673778534,
    0.23736624419689178,
    0.23736365139484406,
    0.23742245137691498,
    0.23739378154277802,
    0.23736818134784698,
    0.23738527297973633,
    0.2373812347650528,
    0.2373649924993515,
    0.23736572265625,
    0.2373669594526291,
    0.2373628467321396,
    0.23736104369163513,
    0.23736099898815155,
    0.23735745251178741,
    0.23735632002353668,
    0.23735643923282623,
    0.23735354840755463,
    0.2373533993959427,
    0.23735396564006805,
    0.23735231161117554,
    0.23735271394252777,
    0.23735390603542328,
    0.2373063713312149,
    0.23714357614517212,
    0.23704557120800018,
    0.2370336800813675,
    0.23701609671115875,
    0.23703233897686005,
    0.23703165352344513,
    0.23703478276729584,
    0.23705388605594635,
    0.23706692457199097,
    0.23708194494247437,
    0.23709693551063538,
    0.237114816904068,
    0.2371368706226349,
    0.23714430630207062,
    0.23716212809085846,
    0.23717886209487915,
    0.23718275129795074,
    0.2371787279844284,
    0.23720113933086395,
    0.23723220825195312,
    0.23724904656410217,
    0.23726654052734375,
    0.2372969388961792,
    0.23732984066009521,
    0.23731504380702972,
    0.2373189777135849,
    0.2373863309621811,
    0.23744964599609375,
    0.23764869570732117,
    0.23775999248027802,
    0.2377396821975708,
    0.23780304193496704,
    0.2378665953874588,
    0.23792582750320435,
    0.23796655237674713,
    0.23805604875087738,
    0.23810932040214539,
    0.23810888826847076,
    0.2379438728094101,
    0.2374708503484726,
    0.2370070219039917,
    0.2368932068347931,
    0.2368476390838623,
    0.23701512813568115,
    0.23698122799396515,
    0.23701219260692596,
    0.23713035881519318,
    0.2371414303779602,
    0.23715050518512726,
    0.23717394471168518,
    0.23710623383522034,
    0.23689304292201996,
    0.23680926859378815,
    0.23686924576759338,
    0.23692777752876282,
    0.2369341403245926,
    0.2369137853384018,
    0.23689326643943787,
    0.23688265681266785,
    0.23687928915023804,
    0.23688027262687683,
    0.23688730597496033,
    0.2368905395269394,
    0.23688985407352448,
    0.23713769018650055,
    0.23746339976787567,
    0.23755452036857605,
    0.237369567155838,
    0.2373182773590088,
    0.23733188211917877,
    0.2373560070991516,
    0.2373487651348114,
    0.2373104691505432,
    0.23720891773700714,
    0.23706817626953125,
    0.2369341105222702,
    0.23679612576961517,
    0.23671826720237732,
    0.23665231466293335,
    0.23660781979560852,
    0.2365751415491104,
    0.23655244708061218,
    0.23653043806552887,
    0.2365087866783142,
    0.23650184273719788,
    0.23650053143501282,
    0.23649877309799194,
    0.2364998459815979,
    0.23649924993515015,
    0.23649902641773224,
    0.23649895191192627,
    0.23649919033050537,
    0.23649920523166656,
    0.23650044202804565,
    0.23650133609771729,
    0.23650206625461578,
    0.23650294542312622,
    0.23650343716144562,
    0.23650360107421875,
    0.23650392889976501
  ],