{
  "task": "tabletop_push_hero",
  "apply_drag": true,
  "drag_damping_scale": 1.0,
  "drag_ignore_gravity_axis": true,
  "ground_z_m": 0.0,
  "release_frame": null,
  "release_time_s": null,
  "first_ground_contact_frame": null,
  "first_ground_contact_time_s": null,
  "impact_speed_before_first_contact_m_s": 0.0015490952281580156,
  "rope_com_z_m": [
    0.24123093485832214,
    0.2408887892961502,
    0.2403223067522049,
    0.23938074707984924,
    0.23794420063495636,
    0.23678192496299744,
    0.23767626285552979,
    0.2375795841217041,
    0.23719389736652374,
    0.2368553727865219,
    0.2367914319038391,
    0.23679304122924805,
    0.23681795597076416,
    0.23680444061756134,
    0.23678895831108093,
    0.23678797483444214,
    0.2367863953113556,
    0.23678678274154663,
    0.2367865890264511,
    0.23678572475910187,
    0.23678472638130188,
    0.23678453266620636,
    0.2367841601371765,
    0.23678402602672577,
    0.23678353428840637,
    0.2367837280035019,
    0.23677878081798553,
    0.23676544427871704,
    0.2367618829011917,
    0.23675008118152618,
    0.23673003911972046,
    0.2367185354232788,
    0.23670397698879242,
    0.23668545484542847,
    0.23667633533477783,
    0.23666132986545563,
    0.2366538643836975,
    0.23664136230945587,
    0.2366294413805008,
    0.23661509156227112,
    0.23660901188850403,
    0.23660409450531006,
    0.23659738898277283,
    0.236592099070549,
    0.23658686876296997,
    0.2365841567516327,
    0.2365831434726715,
    0.2365797460079193,
    0.2365768998861313,
    0.23652523756027222,
    0.23644544184207916,
    0.23635533452033997,
    0.23627115786075592,
    0.2362249195575714,
    0.23619846999645233,
    0.2361447811126709,
    0.2361115664243698,
    0.23608513176441193,
    0.2362077534198761,
    0.23624229431152344,
    0.23628953099250793,
    0.23637010157108307,
    0.23643837869167328,
    0.23639142513275146,
    0.23644162714481354,
    0.23647430539131165,
    0.23643074929714203,
    0.2364414930343628,
    0.2364063560962677,
    0.2363923043012619,
    0.23638997972011566,
    0.23638883233070374,
    0.23639124631881714,
    0.2363833636045456,
    0.23636388778686523,
    0.2363629937171936,
    0.23634253442287445,
    0.23632946610450745,
    0.23635505139827728,
    0.23636119067668915,
    0.23636719584465027,
    0.2363738715648651,
    0.23638275265693665,
    0.23639771342277527,
    0.23639582097530365,
    0.2363874614238739,
    0.2363976538181305,
    0.23640422523021698,
    0.2363930493593216,
    0.23637086153030396,
    0.236358642578125,
    0.23634538054466248,
    0.23633481562137604,
    0.23640784621238708,
    0.23644007742404938,
    0.2363809496164322,
    0.2362837791442871,
    0.23625126481056213,
    0.2362106889486313,
    0.23612692952156067,
    0.23608696460723877,
    0.23606093227863312,
    0.23600462079048157,
    0.23597177863121033,
    0.2359333336353302,
    0.2358892858028412,
    0.23584766685962677,
    0.23580370843410492,
    0.23575453460216522,
    0.2357054203748703,
    0.2356586754322052,
    0.23561246693134308,
    0.23557300865650177,
    0.23553837835788727,
    0.2354997843503952,
    0.2354654222726822,
    0.23545680940151215,
    0.2355002909898758,
    0.2355584353208542,
    0.2355210781097412,
    0.2354908436536789,
    0.2354886680841446,
    0.2354840785264969,
    0.23548875749111176,
    0.2354806512594223,
    0.2354637235403061,
    0.2354736477136612,
    0.23556320369243622,
    0.23565208911895752,
    0.2357553243637085,
    0.2359497845172882,
    0.2360491305589676,
    0.23607134819030762,
    0.2361229956150055,
    0.2361854761838913,
    0.23623138666152954,
    0.23623991012573242,
    0.23615407943725586,
    0.2360420972108841,
    0.23596377670764923,
    0.23601365089416504,
    0.2359725534915924,
    0.2359384447336197,
    0.2359260469675064,
    0.23590677976608276,
    0.2359067052602768,
    0.23592670261859894,
    0.23593543469905853,
    0.2359471619129181,
    0.23595787584781647,
    0.23595818877220154,
    0.2360219955444336,
    0.23604512214660645,
    0.23606494069099426,
    0.23605863749980927,
    0.23609817028045654,
    0.23611821234226227,
    0.2361493557691574,
    0.23617640137672424,
    0.23619723320007324,
    0.23621806502342224,
    0.2362283617258072,
    0.23623614013195038,
    0.23623968660831451,
    0.23625192046165466,
    0.2362622320652008,
    0.2362666130065918,
    0.23627087473869324,
    0.23627524077892303,
    0.2362813800573349,
    0.23628678917884827,
    0.23629333078861237,
    0.23630119860172272,
    0.2363085001707077,
    0.23631538450717926,
    0.23632198572158813,
    0.23632821440696716,
    0.2363339215517044,
    0.2363397777080536,
    0.23634596168994904,
    0.23635216057300568,
    0.23636019229888916,
    0.236369326710701,
    0.2363767772912979,
    0.23641067743301392,
    0.23658592998981476,
    0.2365802377462387
  ],