{
  "task": "tabletop_push_hero",
  "apply_drag": true,
  "drag_damping_scale": 1.0,
  "drag_ignore_gravity_axis": true,
  "ground_z_m": 0.0,
  "release_frame": null,
  "release_time_s": null,
  "first_ground_contact_frame": null,
  "first_ground_contact_time_s": null,
  "impact_speed_before_first_contact_m_s": 1.7872457204015178e-05,
  "rope_com_z_m": [
    0.2367033213376999,
    0.23669306933879852,
    0.23670536279678345,
    0.2367118000984192,
    0.23672889173030853,
    0.23679260909557343,
    0.2368234395980835,
    0.23680801689624786,
    0.2367803305387497,
    0.23675446212291718,
    0.2367326021194458,
    0.23671789467334747,
    0.23670704662799835,
    0.23670509457588196,
    0.23670314252376556,
    0.2366918921470642,
    0.23667988181114197,
    0.23666809499263763,
    0.23665112257003784,
    0.2366357147693634,
    0.23662301898002625,
    0.23661258816719055,
    0.23661164939403534,
    0.23661454021930695,
    0.23661714792251587,
    0.23661816120147705,
    0.23661796748638153,
    0.2366199642419815,
    0.23662148416042328,
    0.2366240918636322,
    0.23662634193897247,
    0.23662759363651276,
    0.23662930727005005,
    0.23663195967674255,
    0.23663446307182312,
    0.23663713037967682,
    0.2366388589143753,
    0.23664207756519318,
    0.23664644360542297,
    0.23665107786655426,
    0.23665417730808258,
    0.23665857315063477,
    0.23666374385356903,
    0.23666700720787048,
    0.2366710603237152,
    0.23667055368423462,
    0.23666855692863464,
    0.23666439950466156,
    0.23665893077850342,
    0.2366533875465393,
    0.23664714395999908,
    0.23664213716983795,
    0.23663775622844696,
    0.23662975430488586,
    0.2366199493408203,
    0.2366119623184204,
    0.23660358786582947,
    0.23660002648830414,
    0.2365945428609848,
    0.23659002780914307,
    0.23658601939678192,
    0.2365819811820984,
    0.23657798767089844,
    0.23657472431659698,
    0.2365713119506836,
    0.23656710982322693,
    0.2365635484457016,
    0.2365601807832718,
    0.23655666410923004,
    0.23655329644680023,
    0.2365507185459137,
    0.23654793202877045,
    0.23654510080814362,
    0.2365427166223526,
    0.23654000461101532,
    0.23653775453567505,
    0.23653525114059448,
    0.23653297126293182,
    0.23653091490268707,
    0.23652900755405426,
    0.23652689158916473,
    0.23652437329292297,
    0.23652200400829315,
    0.23651953041553497,
    0.23651733994483948,
    0.23651544749736786,
    0.2365134209394455,
    0.23651155829429626,
    0.23650991916656494,
    0.23650877177715302,
    0.23650766909122467,
    0.23650617897510529,
    0.23650498688220978,
    0.23650361597537994,
    0.23650236427783966,
    0.23650112748146057,
    0.23649996519088745,
    0.2364993691444397,
    0.23649880290031433,
    0.23649832606315613,
    0.23649761080741882,
    0.23649726808071136,
    0.2364964336156845,
    0.23649567365646362,
    0.23649492859840393,
    0.2364943027496338,
    0.23649372160434723,
    0.23649324476718903,
    0.2364925891160965,
    0.23649200797080994,
    0.23643997311592102,
    0.23628120124340057,
    0.23622190952301025,
    0.2362784892320633,
    0.236191064119339,
    0.2360982596874237,
    0.23602990806102753,
    0.23596800863742828,
    0.23589356243610382,
    0.23580993711948395,
    0.2357483208179474,
    0.23566259443759918,
    0.23562362790107727,
    0.2356013059616089,
    0.23557747900485992,
    0.2355969250202179,
    0.23554804921150208,
    0.23545393347740173,
    0.23537516593933105,
    0.23530696332454681,
    0.235316202044487,
    0.23532024025917053,
    0.23534077405929565,
    0.23535270988941193,
    0.23536324501037598,
    0.23537856340408325,
    0.23541449010372162,
    0.23546016216278076,
    0.2355063110589981,
    0.23552456498146057,
    0.23547600209712982,
    0.23543862998485565,
    0.23540595173835754,
    0.2353792041540146,
    0.2353595495223999,
    0.23534448444843292,
    0.23532994091510773,
    0.2353181540966034,
    0.23530621826648712,
    0.2352963387966156,
    0.23529039323329926,
    0.23548594117164612,
    0.2357589453458786,
    0.23609040677547455,
    0.23598231375217438,
    0.23589009046554565,
    0.23587048053741455,
    0.23586706817150116,
    0.23584504425525665,
    0.23585620522499084,
    0.23582914471626282,
    0.2358262538909912,
    0.23582038283348083,
    0.23582223057746887,
    0.2358274608850479,
    0.2358342707157135,
    0.23584146797657013,
    0.23584717512130737,
    0.23585183918476105,
    0.2358555644750595,
    0.23585925996303558,
    0.23586295545101166,
    0.23586654663085938,
    0.2358705848455429,
    0.23587414622306824,
    0.2358771115541458,
    0.23587927222251892,
    0.23588155210018158,
    0.23588408529758453,
    0.2358860820531845,
    0.23588816821575165,
    0.235890194773674,
    0.2358916699886322,
    0.2358931303024292,
    0.23589466512203217,
    0.2358957976102829,
    0.2358970195055008
  ],